{
	"format_version": "1.8.0",
	"animations": {
		"animation.model.closeDeliveryBox": {
			"loop": "hold_on_last_frame",
			"animation_length": 1,
			"bones": {
				"bone2": {
					"rotation": {
						"0.0": {
							"vector": [-60, 0, 0]
						},
						"0.0833": [-59.39955, 0, 0],
						"0.1667": [-57.39952, 0, 0],
						"0.25": [-53.6455, 0, 0],
						"0.3333": [-47.78069, 0, 0],
						"0.4167": [-39.68584, 0, 0],
						"0.5833": [-20.31416, 0, 0],
						"0.6667": [-12.21931, 0, 0],
						"0.75": [-6.3545, 0, 0],
						"0.8333": [-2.60048, 0, 0],
						"0.9167": [-0.60045, 0, 0],
						"1.0": {
							"vector": [0, 0, 0]
						}
					}
				}
			}
		}
	}
}